일자,액화천연가스 LNG(MWh),석탄(MWh),중유(MWh)
2015-01-01,29190,98525,0
2015-01-02,32076,115424,0
2015-01-03,27392,117490,0
2015-01-04,26735,112604,0
2015-01-05,30373,117665,8501
2015-01-06,29614,117502,12746
2015-01-07,35676,118112,15121
2015-01-08,34324,118124,16015
2015-01-09,36374,117890,9978
2015-01-10,31003,117201,0
2015-01-11,28815,113000,0
2015-01-12,38389,117350,0
2015-01-13,35065,117815,0
2015-01-14,32345,106105,0
2015-01-15,31110,106113,0
2015-01-16,27466,114367,0
2015-01-17,25878,116289,0
2015-01-18,25144,107420,0
2015-01-19,29657,115870,0
2015-01-20,31544,117801,0
2015-01-21,28155,117739,0
2015-01-22,28628,117818,0
2015-01-23,26245,118076,0
2015-01-24,23709,115184,0
2015-01-25,23746,101334,0
2015-01-26,24245,115507,0
2015-01-27,30940,116676,0
2015-01-28,31132,118460,0
2015-01-29,31005,117722,0
2015-01-30,31079,118173,0
2015-01-31,26463,117084,0
2015-02-01,26459,116728,0
2015-02-02,33697,118100,0
2015-02-03,31696,118189,0
2015-02-04,32175,118405,0
2015-02-05,30833,118012,0
2015-02-06,30926,118138,0
2015-02-07,25472,118075,0
2015-02-08,26992,116028,0
2015-02-09,39433,117983,9011
2015-02-10,31497,118025,12451
2015-02-11,30516,117840,12463
2015-02-12,31223,118131,12474
2015-02-13,31903,118170,5984
2015-02-14,24754,118095,0
2015-02-15,23779,115909,0
2015-02-16,25807,116447,0
2015-02-17,26015,117285,0
2015-02-18,9990,108902,0
2015-02-19,5330,98751,0
2015-02-20,18721,97300,0
2015-02-21,9254,109313,0
2015-02-22,9270,108157,0
2015-02-23,24655,114962,0
2015-02-24,27407,117591,0
2015-02-25,24549,117757,0
2015-02-26,25166,117348,0
2015-02-27,26838,115641,0
2015-02-28,24012,93417,0
2015-03-01,24952,94386,0
2015-03-02,26468,113177,17167
2015-03-03,28194,114644,26669
2015-03-04,26749,111675,25245
2015-03-05,30473,96035,23659
2015-03-06,28897,94093,26855
2015-03-07,25727,94034,26074
2015-03-08,14959,92295,21186
2015-03-09,25833,93409,23927
2015-03-10,32624,94148,26883
2015-03-11,29672,94229,26703
2015-03-12,27410,94339,26495
2015-03-13,28453,93844,26473
2015-03-14,23647,89511,25526
2015-03-15,8288,99874,21356
2015-03-16,21927,100230,24056
2015-03-17,22207,96848,23881
2015-03-18,20757,107007,24873
2015-03-19,18132,105921,25488
2015-03-20,14755,106703,21767
2015-03-21,6116,106215,18929
2015-03-22,3349,102192,10562
2015-03-23,12370,105710,22725
2015-03-24,15291,107141,25737
2015-03-25,19068,107003,25705
2015-03-26,15387,106678,23084
2015-03-27,13853,106465,22220
2015-03-28,2005,107815,19810
2015-03-29,2352,109923,10895
2015-03-30,12875,112562,22589
2015-03-31,13180,115660,22358
2015-04-01,21626,116278,76
2015-04-02,19881,117382,5186
2015-04-03,20882,116839,6328
2015-04-04,18043,111502,0
2015-04-05,18242,109881,0
2015-04-06,23281,111398,10848
2015-04-07,25972,112065,15421
2015-04-08,23883,112004,15879
2015-04-09,23122,111751,15720
2015-04-10,23030,110906,13392
2015-04-11,5490,111730,8049
2015-04-12,6122,109037,7684
2015-04-13,20700,108967,13444
2015-04-14,24713,105303,15113
2015-04-15,24512,104968,13933
2015-04-16,14383,113852,14205
2015-04-17,16845,117152,6318
2015-04-18,16628,116811,0
2015-04-19,17853,113550,0
2015-04-20,20293,115915,5444
2015-04-21,12231,117513,7193
2015-04-22,9557,117551,6934
2015-04-23,9342,115753,6535
2015-04-24,9217,110758,6792
2015-04-25,5,111188,7737
2015-04-26,0,110444,7680
2015-04-27,7944,116299,6781
2015-04-28,20074,117006,0
2015-04-29,20967,118102,5252
2015-04-30,18069,117375,5115
2015-05-01,17768,116826,0
2015-05-02,17899,114966,0
2015-05-03,17999,113458,0
2015-05-04,17785,111574,0
2015-05-05,17984,110706,0
2015-05-06,19581,114826,9290
2015-05-07,19486,117659,13738
2015-05-08,18575,117123,12577
2015-05-09,0,118173,7282
2015-05-10,0,113706,7282
2015-05-11,0,116397,7430
2015-05-12,0,116214,8238
2015-05-13,0,104231,8050
2015-05-14,2654,103873,8140
2015-05-15,2472,104079,8197
2015-05-16,4157,98866,7664
2015-05-17,3523,96553,7500
2015-05-18,22115,97485,0
2015-05-19,22964,88056,0
2015-05-20,21266,87547,0
2015-05-21,23324,88067,0
2015-05-22,22563,87869,0
2015-05-23,20878,93282,0
2015-05-24,18943,97453,0
2015-05-25,20484,98458,4372
2015-05-26,9823,99654,12963
2015-05-27,20109,87493,14727
2015-05-28,22889,96787,14854
2015-05-29,23706,100116,15076
2015-05-30,1508,110608,7634
2015-05-31,0,113605,7435
2015-06-01,13766,115607,9127
2015-06-02,19651,116981,12398
2015-06-03,19479,116364,13739
2015-06-04,21169,116964,14140
2015-06-05,19659,117513,10867
2015-06-06,9748,117062,0
2015-06-07,17434,113683,0
2015-06-08,19681,116804,4643
2015-06-09,14428,117838,7393
2015-06-10,16095,117615,7260
2015-06-11,13539,117696,6492
2015-06-12,19172,117481,0
2015-06-13,18429,116966,0
2015-06-14,17328,114490,0
2015-06-15,19158,115697,0
2015-06-16,19558,116723,0
2015-06-17,18937,117121,0
2015-06-18,19063,117209,0
2015-06-19,19089,116608,0
2015-06-20,9560,116935,0
2015-06-21,9190,112302,0
2015-06-22,12644,115504,0
2015-06-23,8102,117150,0
2015-06-24,8739,116138,625
2015-06-25,9374,111123,4911
2015-06-26,17794,105584,0
2015-06-27,17595,104279,0
2015-06-28,17116,107262,0
2015-06-29,18218,107589,0
2015-06-30,18204,104505,0
2015-07-01,16571,103462,0
2015-07-02,17226,103862,0
2015-07-03,17388,103779,0
2015-07-04,17234,99689,0
2015-07-05,17202,96072,0
2015-07-06,15916,102079,6396
2015-07-07,10377,104147,7507
2015-07-08,11010,103524,7479
2015-07-09,12178,104129,6771
2015-07-10,18276,103820,0
2015-07-11,17276,102878,0
2015-07-12,16354,97074,0
2015-07-13,15719,102127,0
2015-07-14,18304,103481,0
2015-07-15,18203,104152,0
2015-07-16,17529,101895,0
2015-07-17,17154,101790,0
2015-07-18,17185,100681,0
2015-07-19,17195,98398,0
2015-07-20,18232,98946,0
2015-07-21,18534,99834,0
2015-07-22,20227,99969,0
2015-07-23,20584,100779,0
2015-07-24,18932,100225,0
2015-07-25,17477,99005,0
2015-07-26,17497,95723,0
2015-07-27,20093,98704,0
2015-07-28,22943,100563,0
2015-07-29,21535,103121,0
2015-07-30,22062,103118,3559
2015-07-31,20509,103775,0
2015-08-01,9107,100640,0
2015-08-02,11645,99468,0
2015-08-03,17123,103604,0
2015-08-04,17521,112273,0
2015-08-05,18047,108242,0
2015-08-06,20693,112185,0
2015-08-07,21779,116819,0
2015-08-08,25875,112879,0
2015-08-09,19974,104199,0
2015-08-10,23941,106035,14521
2015-08-11,25797,110575,20213
2015-08-12,22704,112477,19535
2015-08-13,16931,110243,15083
2015-08-14,19825,109948,0
2015-08-15,19020,108633,0
2015-08-16,17517,104044,0
2015-08-17,22549,106099,11385
2015-08-18,25758,106619,20879
2015-08-19,23296,108828,20258
2015-08-20,25728,110156,20856
2015-08-21,19766,105498,15241
2015-08-22,8367,104061,5213
2015-08-23,7734,91217,0
2015-08-24,26444,101848,8667
2015-08-25,19661,110020,5282
2015-08-26,19940,100581,0
2015-08-27,19851,106560,0
2015-08-28,20087,99128,0
2015-08-29,20472,90684,0
2015-08-30,18180,84557,0
2015-08-31,20176,103367,0
2015-09-01,29426,114998,9064
2015-09-02,27776,115634,13435
2015-09-03,30274,115489,16377
2015-09-04,31745,114922,20042
2015-09-05,33399,110194,9618
2015-09-06,22275,102864,0
2015-09-07,30355,109351,7095
2015-09-08,26352,109065,6545
2015-09-09,29019,101485,6644
2015-09-10,30246,101168,10837
2015-09-11,31944,101492,13351
2015-09-12,22942,101103,11349
2015-09-13,21117,98324,0
2015-09-14,28315,101159,8566
2015-09-15,30261,101485,6610
2015-09-16,26639,100943,6517
2015-09-17,25449,101301,6483
2015-09-18,25099,101105,6452
2015-09-19,20831,101324,9
2015-09-20,12547,97057,0
2015-09-21,29389,98552,0
2015-09-22,29085,101202,0
2015-09-23,25456,101449,0
2015-09-24,28300,101230,0
2015-09-25,17876,101035,0
2015-09-26,15976,90656,0
2015-09-27,285,73363,0
2015-09-28,3507,76196,0
2015-09-29,9778,85811,0
2015-09-30,7263,96795,4287
2015-10-01,7016,98810,7532
2015-10-02,5675,96094,4411
2015-10-03,8576,80119,0
2015-10-04,8301,86045,0
2015-10-05,12017,94014,0
2015-10-06,14219,89483,4734
2015-10-07,13234,87259,7157
2015-10-08,14562,83445,7257
2015-10-09,13422,80202,6368
2015-10-10,13337,77328,6261
2015-10-11,13323,71512,6265
2015-10-12,13679,77251,11480
2015-10-13,13437,75616,14189
2015-10-14,11602,79565,14063
2015-10-15,8380,82346,13611
2015-10-16,10766,97895,13416
2015-10-17,13441,100788,6352
2015-10-18,12342,97293,6395
2015-10-19,13319,94871,6482
2015-10-20,13592,89604,6570
2015-10-21,13495,95634,6725
2015-10-22,13034,95286,6497
2015-10-23,11150,96760,6675
2015-10-24,0,90372,7592
2015-10-25,0,88196,7603
2015-10-26,11074,86735,727
2015-10-27,10060,86930,0
2015-10-28,9731,97990,0
2015-10-29,25044,94537,0
2015-10-30,20353,81860,0
2015-10-31,4030,76054,6276
2015-11-01,9661,72692,8400
2015-11-02,19294,84184,20382
2015-11-03,19368,91665,24985
2015-11-04,21031,85771,25253
2015-11-05,16021,86957,25832
2015-11-06,13706,85092,25267
2015-11-07,4669,82375,21965
2015-11-08,3818,77745,12854
2015-11-09,15931,86648,22543
2015-11-10,13572,98529,24206
2015-11-11,15225,99876,23008
2015-11-12,15604,100847,23432
2015-11-13,15457,93165,23599
2015-11-14,18786,74017,20720
2015-11-15,6724,74331,12935
2015-11-16,18143,81726,22826
2015-11-17,15649,83348,23522
2015-11-18,15487,82565,24203
2015-11-19,18619,82534,25067
2015-11-20,20516,82894,23537
2015-11-21,19271,76488,22118
2015-11-22,8606,72973,13196
2015-11-23,17507,84085,20375
2015-11-24,21310,94441,22912
2015-11-25,19323,97663,23561
2015-11-26,20237,97653,22680
2015-11-27,27060,100645,22329
2015-11-28,17154,97145,21229
2015-11-29,5598,96078,8403
2015-11-30,18737,97324,18812
2015-12-01,21197,100217,23137
2015-12-02,23605,100269,23081
2015-12-03,21845,100385,23470
2015-12-04,28947,97443,22687
2015-12-05,23233,98406,19466
2015-12-06,11429,99121,12395
2015-12-07,24889,101172,14872
2015-12-08,23748,101386,16616
2015-12-09,20285,101452,16700
2015-12-10,22826,100286,16392
2015-12-11,20900,99104,15871
2015-12-12,14980,100831,14818
2015-12-13,4873,95937,8198
2015-12-14,18610,103588,20838
2015-12-15,21659,101410,24465
2015-12-16,22575,108316,23412
2015-12-17,24690,113145,25299
2015-12-18,29246,113652,25850
2015-12-19,10411,112603,24353
2015-12-20,5353,108286,14026
2015-12-21,18986,111255,21805
2015-12-22,20246,113316,24627
2015-12-23,20556,112257,23311
2015-12-24,20455,111708,22312
2015-12-25,8375,107022,18965
2015-12-26,8395,106704,18957
2015-12-27,8379,105508,13290
2015-12-28,21847,112012,22165
2015-12-29,23005,113357,25612
2015-12-30,20151,112626,24105
2015-12-31,14529,112296,21293
2016-01-01,5678,91437,8432
2016-01-02,8306,90454,7669
2016-01-03,5607,102771,7699
2016-01-04,18356,112043,14160
2016-01-05,21590,113736,23218
2016-01-06,23164,113385,26339
2016-01-07,23617,113094,24856
2016-01-08,25969,113489,27118
2016-01-09,23966,113622,24956
2016-01-10,8819,103749,20525
2016-01-11,21907,113018,24705
2016-01-12,25396,113441,27082
2016-01-13,25949,113746,27150
2016-01-14,25511,113258,26194
2016-01-15,27147,113646,27127
2016-01-16,9437,113621,26469
2016-01-17,8397,111971,20339
2016-01-18,24177,112396,23577
2016-01-19,33515,112617,26664
2016-01-20,35806,112689,27104
2016-01-21,31108,113253,26473
2016-01-22,31254,113352,27062
2016-01-23,29739,113341,27043
2016-01-24,23610,113345,25019
2016-01-25,32880,113656,26009
2016-01-26,31777,113721,27086
2016-01-27,30946,113771,27166
2016-01-28,28905,113663,27172
2016-01-29,28150,113218,26173
2016-01-30,24685,113549,25718
2016-01-31,11059,111150,21529
2016-02-01,31376,112899,27141
2016-02-02,31658,113547,27117
2016-02-03,32599,111863,27184
2016-02-04,30927,107832,27154
2016-02-05,28547,102020,26702
2016-02-06,24948,101638,8591
2016-02-07,9397,94366,7955
2016-02-08,8406,68767,7943
2016-02-09,8032,72514,7911
2016-02-10,8031,88854,8072
2016-02-11,18725,111524,20662
2016-02-12,23462,112030,24572
2016-02-13,13993,112565,23872
2016-02-14,10429,108127,21273
2016-02-15,23172,112474,26408
2016-02-16,26559,107511,26620
2016-02-17,27929,97653,27164
2016-02-18,25196,101736,27117
2016-02-19,24511,102238,24880
2016-02-20,17543,103624,26381
2016-02-21,10109,104526,22484
2016-02-22,26512,107402,26390
2016-02-23,23377,107716,26222
2016-02-24,27474,108144,27097
2016-02-25,25106,108215,27081
2016-02-26,24209,107962,27047
2016-02-27,23543,107750,26865
2016-02-28,8040,104712,25984
2016-02-29,23860,107320,26847
2016-03-01,27823,96290,27084
2016-03-02,28277,96919,27053
2016-03-03,27587,96537,27041
2016-03-04,24413,96878,27070
2016-03-05,23612,96329,17826
2016-03-06,14053,89518,13836
2016-03-07,23149,94293,25286
2016-03-08,22821,96395,27080
2016-03-09,25663,96245,26854
2016-03-10,27418,96454,27088
2016-03-11,27089,96349,24329
2016-03-12,23444,96273,17993
2016-03-13,20159,92724,17170
2016-03-14,21576,94667,24051
2016-03-15,24345,96338,26640
2016-03-16,23277,96208,17821
2016-03-17,21526,95762,17752
2016-03-18,15490,95916,21085
2016-03-19,15069,95578,24549
2016-03-20,6143,87502,9528
2016-03-21,16087,93349,21258
2016-03-22,16797,95995,26544
2016-03-23,19865,96362,26745
2016-03-24,19764,96471,26646
2016-03-25,18264,95850,25154
2016-03-26,18038,95743,25498
2016-03-27,4557,86204,20841
2016-03-28,13769,88356,16871
2016-03-29,18119,94423,16302
2016-03-30,14944,95367,16788
2016-03-31,14277,83998,16639
2016-04-01,13668,83188,16316
2016-04-02,13531,71006,13901
2016-04-03,3649,70652,13755
2016-04-04,17671,72452,17314
2016-04-05,15120,72995,16743
2016-04-06,14755,83881,16161
2016-04-07,15375,87536,16847
2016-04-08,14147,89540,16674
2016-04-09,14370,85288,9013
2016-04-10,5251,83851,6615
2016-04-11,15070,84962,14126
2016-04-12,12389,85633,16577
2016-04-13,11794,85087,15363
2016-04-14,14656,74078,16077
2016-04-15,11804,74142,16291
2016-04-16,13945,73578,14283
2016-04-17,491,66221,12918
2016-04-18,9122,71195,15565
2016-04-19,11970,73356,16941
2016-04-20,12706,75962,16737
2016-04-21,12874,85115,17125
2016-04-22,13540,84021,15883
2016-04-23,112,83604,14192
2016-04-24,0,80649,12951
2016-04-25,8672,83469,15050
2016-04-26,12461,83687,16071
2016-04-27,12440,84565,16545
2016-04-28,12965,75990,16137
2016-04-29,12966,78993,14849
2016-04-30,5299,81578,10790
2016-05-01,0,71931,8334
2016-05-02,12507,70626,14079
2016-05-03,16560,73823,16614
2016-05-04,16286,80447,16445
2016-05-05,14755,87470,15724
2016-05-06,18000,86480,13314
2016-05-07,8896,75039,7522
2016-05-08,6944,74586,7600
2016-05-09,14710,84986,14995
2016-05-10,19138,80790,17021
2016-05-11,19731,74875,17320
2016-05-12,18177,68014,17131
2016-05-13,16102,81331,17898
2016-05-14,4824,69350,16518
2016-05-15,2738,66263,16344
2016-05-16,12243,75397,16483
2016-05-17,18619,78991,17947
2016-05-18,20446,81488,16240
2016-05-19,16457,82133,17320
2016-05-20,15164,78572,16838
2016-05-21,14798,76364,17172
2016-05-22,7069,71364,7399
2016-05-23,16170,76965,14229
2016-05-24,19132,78280,17118
2016-05-25,17051,87014,17983
2016-05-26,17096,84620,16533
2016-05-27,16990,84607,17219
2016-05-28,2066,81169,8735
2016-05-29,1138,88470,8990
2016-05-30,14138,78576,8919
2016-05-31,16600,83985,14079
2016-06-01,18565,88655,8001
2016-06-02,19745,88101,8447
2016-06-03,17475,88487,7877
2016-06-04,7511,80182,7725
2016-06-05,3429,79973,7751
2016-06-06,13941,74536,7826
2016-06-07,16986,79725,7979
2016-06-08,17349,79232,8208
2016-06-09,19415,78426,8341
2016-06-10,19527,78839,7301
2016-06-11,21389,74889,0
2016-06-12,15321,69370,0
2016-06-13,23199,75871,0
2016-06-14,20906,83092,0
2016-06-15,18959,86391,1254
2016-06-16,18418,84848,8682
2016-06-17,17568,66016,8176
2016-06-18,8662,60144,8115
2016-06-19,8790,59332,7080
2016-06-20,22834,64479,8292
2016-06-21,26652,68924,8696
2016-06-22,23563,68129,7879
2016-06-23,26460,67896,10599
2016-06-24,21676,69026,17111
2016-06-25,14747,60358,15454
2016-06-26,0,57989,12472
2016-06-27,11612,67530,15552
2016-06-28,15134,78556,16125
2016-06-29,19004,88560,16592
2016-06-30,20843,91977,16119
2016-07-01,24157,94304,290
2016-07-02,19296,90444,3148
2016-07-03,13226,76395,3829
2016-07-04,20171,80269,3376
2016-07-05,24182,79706,12202
2016-07-06,21243,82297,14994
2016-07-07,22608,97924,14792
2016-07-08,27582,86599,18735
2016-07-09,24764,87023,21652
2016-07-10,21728,81739,0
2016-07-11,30646,98975,16088
2016-07-12,28065,105897,23142
2016-07-13,25548,110831,21973
2016-07-14,25976,112765,21586
2016-07-15,22665,115832,19149
2016-07-16,17077,99660,12456
2016-07-17,16864,100371,0
2016-07-18,18996,102773,8862
2016-07-19,21993,102291,14449
2016-07-20,23819,101111,17716
2016-07-21,24473,102232,20619
2016-07-22,28585,105101,20119
2016-07-23,29600,97539,13044
2016-07-24,27252,100481,12094
2016-07-25,34667,111094,17463
2016-07-26,31648,107795,20740
2016-07-27,28228,124326,20399
2016-07-28,29560,118386,20655
2016-07-29,25854,106309,18393
2016-07-30,25378,98534,13103
2016-07-31,24749,92304,11638
2016-08-01,13956,98585,0
2016-08-02,12605,102355,0
2016-08-03,13527,105282,0
2016-08-04,18667,105857,9585
2016-08-05,23738,98539,20016
2016-08-06,31016,102172,13090
2016-08-07,19329,105983,12325
2016-08-08,30037,112195,23132
2016-08-09,31709,113187,22753
2016-08-10,31001,110171,21942
2016-08-11,33912,113423,22245
2016-08-12,32426,114221,23065
2016-08-13,25357,108437,17823
2016-08-14,21068,102818,0
2016-08-15,22918,106288,11545
2016-08-16,26200,113267,21498
2016-08-17,29721,110324,21292
2016-08-18,29597,112969,20733
2016-08-19,29230,117763,20355
2016-08-20,23141,124744,19903
2016-08-21,29750,119346,0
2016-08-22,35036,130953,15571
2016-08-23,33403,125323,22746
2016-08-24,31507,111280,23433
2016-08-25,31014,111053,22497
2016-08-26,21066,103381,13738
2016-08-27,12772,97904,0
2016-08-28,8593,91671,0
2016-08-29,13486,93061,0
2016-08-30,15160,92464,0
2016-08-31,14213,89662,0
2016-09-01,22425,95124,0
2016-09-02,19358,100478,0
2016-09-03,21884,97659,0
2016-09-04,17485,104090,0
2016-09-05,27796,104647,13747
2016-09-06,25417,100986,21019
2016-09-07,27754,105593,20954
2016-09-08,26335,100618,20383
2016-09-09,21898,107309,21343
2016-09-10,19693,100908,13253
2016-09-11,14241,92152,0
2016-09-12,14625,100899,6954
2016-09-13,16276,96534,9325
2016-09-14,15516,86039,0
2016-09-15,14794,84953,0
2016-09-16,14297,84551,0
2016-09-17,18998,84357,0
2016-09-18,20805,84770,0
2016-09-19,19367,95379,7004
2016-09-20,18713,95273,13769
2016-09-21,19907,95743,0
2016-09-22,21936,95225,0
2016-09-23,22591,94507,5328
2016-09-24,26236,91732,10782
2016-09-25,13211,82286,0
2016-09-26,26326,90214,11973
2016-09-27,27796,91294,16292
2016-09-28,24428,92112,15339
2016-09-29,21780,94403,15197
2016-09-30,21381,112629,14798
2016-10-01,31142,107807,15980
2016-10-02,17682,104457,13409
2016-10-03,23290,105875,20227
2016-10-04,26462,111160,24213
2016-10-05,23784,114570,22808
2016-10-06,16228,111512,23816
2016-10-07,12735,112476,26242
2016-10-08,12109,108505,25100
2016-10-09,15132,102478,20570
2016-10-10,18512,99123,24637
2016-10-11,20328,101391,26376
2016-10-12,24021,103067,26323
2016-10-13,27900,113871,26525
2016-10-14,20625,112686,25934
2016-10-15,22561,100262,24687
2016-10-16,18328,100230,23700
2016-10-17,20292,102390,24728
2016-10-18,20761,105118,25556
2016-10-19,21443,105355,17661
2016-10-20,20513,106264,17426
2016-10-21,20330,105869,15917
2016-10-22,24772,105645,8386
2016-10-23,15591,103197,7065
2016-10-24,18417,103961,19448
2016-10-25,20086,107023,24023
2016-10-26,19405,107073,16375
2016-10-27,18910,107036,15907
2016-10-28,19285,106258,16395
2016-10-29,18796,96223,15759
2016-10-30,0,87744,14410
2016-10-31,23885,92003,8290
2016-11-01,26183,102031,12375
2016-11-02,28565,102789,17359
2016-11-03,26266,107486,16486
2016-11-04,23272,107049,15683
2016-11-05,26449,105298,7795
2016-11-06,22539,100240,0
2016-11-07,23222,107217,11533
2016-11-08,25941,107561,16757
2016-11-09,25427,109676,17417
2016-11-10,25419,111468,17585
2016-11-11,22081,105930,16791
2016-11-12,24319,106302,41
2016-11-13,23618,99326,0
2016-11-14,22884,105491,11203
2016-11-15,23603,109737,16750
2016-11-16,24416,110254,16730
2016-11-17,24926,110676,16868
2016-11-18,22838,111878,15994
2016-11-19,26400,105820,0
2016-11-20,18478,93979,0
2016-11-21,22868,101232,11162
2016-11-22,23563,106542,16770
2016-11-23,25211,116979,16747
2016-11-24,30082,116610,17310
2016-11-25,23053,116310,17153
2016-11-26,11798,96277,17103
2016-11-27,5601,96236,17122
2016-11-28,20597,94904,13797
2016-11-29,29658,94822,16445
2016-11-30,28164,102345,16467
2016-12-01,25526,120364,16698
2016-12-02,27664,121856,17577
2016-12-03,24892,118078,8497
2016-12-04,20077,112198,7105
2016-12-05,15358,120557,13853
2016-12-06,25813,126272,16821
2016-12-07,24868,122729,16218
2016-12-08,24605,121546,15710
2016-12-09,18403,121893,15632
2016-12-10,5610,118782,15153
2016-12-11,5606,109721,13015
2016-12-12,11570,118986,15447
2016-12-13,20873,123334,15545
2016-12-14,19760,126938,14734
2016-12-15,24048,128802,15761
2016-12-16,26330,129411,16195
2016-12-17,19104,121813,6819
2016-12-18,15669,114407,0
2016-12-19,24987,122614,11904
2016-12-20,21404,126867,16012
2016-12-21,24396,126694,15451
2016-12-22,21065,123578,15998
2016-12-23,21844,126621,16344
2016-12-24,21387,119659,13503
2016-12-25,21739,113682,6244
2016-12-26,25215,124955,13229
2016-12-27,24020,121849,16302
2016-12-28,29719,126623,16162
2016-12-29,22391,128955,16287
2016-12-30,17134,124129,16027
2016-12-31,16352,118178,6262
2017-01-01,19427,106059,46
2017-01-02,18862,114024,11361
2017-01-03,22378,126393,16217
2017-01-04,23905,128805,17140
2017-01-05,22879,128537,16034
2017-01-06,18771,123745,14888
2017-01-07,5612,119544,7632
2017-01-08,5622,111642,7577
2017-01-09,16451,124176,13633
2017-01-10,20028,129187,17651
2017-01-11,23918,129013,20885
2017-01-12,23569,130047,22311
2017-01-13,24229,132292,22215
2017-01-14,11916,124895,10321
2017-01-15,8390,114396,7637
2017-01-16,21596,127462,18662
2017-01-17,26643,132930,22623
2017-01-18,23396,133930,22193
2017-01-19,25457,133122,24319
2017-01-20,26782,133728,24288
2017-01-21,24259,128036,20534
2017-01-22,13340,119708,7330
2017-01-23,31622,132660,20062
2017-01-24,32732,136470,24612
2017-01-25,29461,132710,23531
2017-01-26,24126,127463,21512
2017-01-27,9730,107103,7383
2017-01-28,8409,94013,7348
2017-01-29,11796,97429,7481
2017-01-30,8964,108495,7377
2017-01-31,23415,125105,19674
2017-02-01,27936,128469,22455
2017-02-02,22416,132076,23609
2017-02-03,22510,131368,20577
2017-02-04,22926,124102,0
2017-02-05,16657,115470,0
2017-02-06,23191,127744,12667
2017-02-07,25244,131732,23035
2017-02-08,23456,130831,23826
2017-02-09,24850,131124,23727
2017-02-10,26161,131278,23226
2017-02-11,25733,121023,6703
2017-02-12,18594,114197,0
2017-02-13,24157,128882,18022
2017-02-14,21024,131353,22640
2017-02-15,18483,132314,22317
2017-02-16,18223,126356,14782
2017-02-17,19691,125649,5604
2017-02-18,19453,119708,0
2017-02-19,15925,115403,0
2017-02-20,21249,120145,18026
2017-02-21,19801,126833,24250
2017-02-22,22180,130854,23524
2017-02-23,19788,130871,23450
2017-02-24,18657,128736,23773
2017-02-25,6420,118415,7817
2017-02-26,5393,111380,7502
2017-02-27,10627,124213,16263
2017-02-28,14324,125778,9889
2017-03-01,15369,120560,0
2017-03-02,19457,125593,0
2017-03-03,19393,126685,0
2017-03-04,22845,112428,0
2017-03-05,23582,100143,0
2017-03-06,20749,117618,0
2017-03-07,23937,123707,0
2017-03-08,20608,121832,0
2017-03-09,21820,118510,0
2017-03-10,20787,118666,0
2017-03-11,19129,105535,0
2017-03-12,19089,98942,0
2017-03-13,19762,107070,0
2017-03-14,23381,113205,0
2017-03-15,19850,114273,0
2017-03-16,22934,113078,0
2017-03-17,19383,113644,0
2017-03-18,19012,109081,0
2017-03-19,18416,100940,0
2017-03-20,20292,111944,0
2017-03-21,18582,111846,0
2017-03-22,20485,113633,0
2017-03-23,17468,116350,0
2017-03-24,17220,117804,0
2017-03-25,18351,110339,0
2017-03-26,15979,103922,0
2017-03-27,18394,114807,0
2017-03-28,19996,117682,0
2017-03-29,18901,117815,0
2017-03-30,17668,115643,0
2017-03-31,15361,108640,1709
2017-04-01,4885,102359,7705
2017-04-02,1364,96129,7740
2017-04-03,2902,97646,7766
2017-04-04,13312,106938,7778
2017-04-05,8676,108671,7805
2017-04-06,15453,108670,7900
2017-04-07,21957,106808,6525
2017-04-08,17047,95773,0
2017-04-09,16382,76159,0
2017-04-10,16961,93043,0
2017-04-11,16787,101141,0
2017-04-12,25484,83526,0
2017-04-13,18704,90787,0
2017-04-14,18242,100944,0
2017-04-15,17817,93444,0
2017-04-16,17895,79936,0
2017-04-17,21970,97733,0
2017-04-18,20438,101186,0
2017-04-19,18801,100324,0
2017-04-20,20540,100206,0
2017-04-21,19179,99965,0
2017-04-22,13315,93146,0
2017-04-23,14261,85281,0
2017-04-24,15687,96253,0
2017-04-25,18466,99162,0
2017-04-26,18151,104827,0
2017-04-27,17659,112550,0
2017-04-28,15274,113052,0
2017-04-29,13983,110467,0
2017-04-30,13305,101052,0
2017-05-01,13244,105477,0
2017-05-02,16601,112264,0
2017-05-03,16747,110803,0
2017-05-04,14395,111697,0
2017-05-05,13336,107331,0
2017-05-06,13261,104569,0
2017-05-07,13643,101722,0
2017-05-08,9089,103877,0
2017-05-09,9007,109903,0
2017-05-10,9306,113286,0
2017-05-11,9050,113426,0
2017-05-12,9459,115697,0
2017-05-13,8983,106597,0
2017-05-14,8886,97359,0
2017-05-15,9057,97764,29
2017-05-16,9069,102031,1486
2017-05-17,10307,99972,4401
2017-05-18,12630,102431,0
2017-05-19,10456,101655,0
2017-05-20,13707,95718,0
2017-05-21,9060,93560,0
2017-05-22,11853,110957,0
2017-05-23,11968,112817,0
2017-05-24,10975,114469,0
2017-05-25,12774,113178,0
2017-05-26,10471,111944,0
2017-05-27,18691,95007,1460
2017-05-28,15550,90449,6267
2017-05-29,20015,108947,6263
2017-05-30,19282,113558,6539
2017-05-31,18780,116553,6378
2017-06-01,18564,119954,10530
2017-06-02,18245,118594,11740
2017-06-03,18308,109123,6270
2017-06-04,18321,98348,6265
2017-06-05,18260,114702,13918
2017-06-06,15492,114037,4494
2017-06-07,9714,116004,0
2017-06-08,9080,116220,0
2017-06-09,9887,116913,0
2017-06-10,9273,110323,0
2017-06-11,9722,104222,0
2017-06-12,10028,115439,0
2017-06-13,9102,118962,0
2017-06-14,8331,116288,0
2017-06-15,9167,117554,0
2017-06-16,9171,117419,0
2017-06-17,13897,111297,0
2017-06-18,20883,106047,0
2017-06-19,17591,114691,0
2017-06-20,17809,119256,0
2017-06-21,10637,119973,0
2017-06-22,15672,121839,0
2017-06-23,25790,120826,0
2017-06-24,26678,116059,0
2017-06-25,14648,108397,0
2017-06-26,20035,119081,0
2017-06-27,20319,121888,0
2017-06-28,18324,121889,0
2017-06-29,15925,123495,0
2017-06-30,21124,119218,0
2017-07-01,15181,117643,0
2017-07-02,16661,112022,0
2017-07-03,18629,121737,0
2017-07-04,19191,126739,0
2017-07-05,22163,127512,6377
2017-07-06,20392,126519,10750
2017-07-07,18392,124854,7235
2017-07-08,14209,118333,0
2017-07-09,14649,113507,0
2017-07-10,17985,122457,4628
2017-07-11,19645,128582,14631
2017-07-12,23275,128107,18792
2017-07-13,26398,129527,18777
2017-07-14,28089,128195,16935
2017-07-15,18096,123986,205
2017-07-16,17565,117308,0
2017-07-17,24529,125188,11206
2017-07-18,20123,126862,19318
2017-07-19,21446,128987,18748
2017-07-20,26300,129689,18738
2017-07-21,32640,129104,16345
2017-07-22,22951,126021,0
2017-07-23,18832,118893,0
2017-07-24,29036,128099,11814
2017-07-25,22520,129278,19221
2017-07-26,17856,128081,19035
2017-07-27,16615,128390,15408
2017-07-28,20632,127522,182
2017-07-29,17132,119514,0
2017-07-30,18200,114077,0
2017-07-31,17438,118809,0
2017-08-01,20267,119463,0
2017-08-02,17644,119736,0
2017-08-03,18481,122479,0
2017-08-04,20360,124659,0
2017-08-05,20545,119895,0
2017-08-06,19182,111953,0
2017-08-07,32558,125072,10534
2017-08-08,22654,129651,18991
2017-08-09,19646,129285,18254
2017-08-10,21023,128825,11059
2017-08-11,21455,129371,5686
2017-08-12,17816,122627,0
2017-08-13,18147,112055,0
2017-08-14,18512,122736,0
2017-08-15,17129,119103,0
2017-08-16,19946,125302,0
2017-08-17,20385,127808,0
2017-08-18,21085,126426,0
2017-08-19,18579,117472,0
2017-08-20,17760,113259,0
2017-08-21,22392,124404,0
2017-08-22,22139,127870,0
2017-08-23,23755,127487,0
2017-08-24,22839,127643,8368
2017-08-25,15233,126011,6940
2017-08-26,17531,112422,0
2017-08-27,17701,104725,0
2017-08-28,19812,119438,0
2017-08-29,13214,121259,0
2017-08-30,17559,117462,0
2017-08-31,17596,115140,0
2017-09-01,18312,115150,0
2017-09-02,12649,94200,0
2017-09-03,16974,87903,0
2017-09-04,18089,105780,0
2017-09-05,18612,116473,0
2017-09-06,18742,114746,0
2017-09-07,17909,115137,0
2017-09-08,18482,113997,0
2017-09-09,17034,108489,0
2017-09-10,17029,89777,0
2017-09-11,17404,103707,0
2017-09-12,20518,113200,0
2017-09-13,17219,111761,0
2017-09-14,15534,111958,0
2017-09-15,19864,110895,296
2017-09-16,12766,102832,6264
2017-09-17,12670,83100,6268
2017-09-18,14081,101348,6337
2017-09-19,15153,110479,6522
2017-09-20,13354,110645,6289
2017-09-21,18413,109625,7727
2017-09-22,21519,109797,8082
2017-09-23,18224,92680,7413
2017-09-24,15889,85235,7372
2017-09-25,18996,103489,7052
2017-09-26,29652,113776,58
2017-09-27,21523,116214,0
2017-09-28,24117,115323,0
2017-09-29,23310,100092,0
2017-09-30,14624,94083,0
2017-10-01,17122,93190,0
2017-10-02,17244,93796,0
2017-10-03,13776,83361,0
2017-10-04,13866,69231,0
2017-10-05,13769,74803,0
2017-10-06,13768,83606,0
2017-10-07,15057,86054,0
2017-10-08,15257,89081,0
2017-10-09,21225,93724,0
2017-10-10,22489,99647,0
2017-10-11,21301,102553,0
2017-10-12,20589,100810,0
2017-10-13,21305,100699,0
2017-10-14,18526,96287,0
2017-10-15,20902,91893,0
2017-10-16,22566,98717,0
2017-10-17,23566,103318,0
2017-10-18,23431,103980,0
2017-10-19,23756,102721,0
2017-10-20,20196,102071,0
2017-10-21,18721,96749,0
2017-10-22,18516,91006,0
2017-10-23,18423,96930,0
2017-10-24,19489,101066,0
2017-10-25,19487,103214,0
2017-10-26,22028,104532,0
2017-10-27,20179,102612,0
2017-10-28,18625,92557,0
2017-10-29,18207,86240,0
2017-10-30,24904,97637,0
2017-10-31,26180,103408,0
2017-11-01,26159,104207,0
2017-11-02,28513,104558,0
2017-11-03,26470,104044,0
2017-11-04,23199,99904,0
2017-11-05,18166,92360,0
2017-11-06,22935,100759,0
2017-11-07,22066,104232,0
2017-11-08,22642,102803,0
2017-11-09,23221,104011,0
2017-11-10,22887,104320,0
2017-11-11,23328,101226,0
2017-11-12,19427,93681,0
2017-11-13,27605,104442,0
2017-11-14,23679,109293,0
2017-11-15,27412,109298,0
2017-11-16,27554,111109,6655
2017-11-17,27125,110465,0
2017-11-18,25930,105727,0
2017-11-19,23841,99249,0
2017-11-20,29599,109598,0
2017-11-21,28709,113752,5351
2017-11-22,27154,113970,11596
2017-11-23,41706,113301,11581
2017-11-24,36396,114938,15738
2017-11-25,37202,108355,0
2017-11-26,24322,99859,0
2017-11-27,36931,112955,16844
2017-11-28,34258,113859,21426
2017-11-29,37198,112786,20903
2017-11-30,41454,114529,22537
2017-12-01,39876,113995,23568
2017-12-02,36596,106502,7557
2017-12-03,21397,98614,6341
2017-12-04,39921,111562,19860
2017-12-05,51754,115146,25556
2017-12-06,51288,106260,23948
2017-12-07,49323,108749,24886
2017-12-08,42502,113540,23703
2017-12-09,28570,109949,17203
2017-12-10,21870,103340,6392
2017-12-11,46997,123577,19132
2017-12-12,50357,126483,22487
2017-12-13,51739,124367,25204
2017-12-14,54593,129433,25889
2017-12-15,47007,130380,18598
2017-12-16,35473,124222,13653
2017-12-17,26468,117399,790
2017-12-18,49130,122267,17713
2017-12-19,47617,129197,23815
2017-12-20,49493,130487,25924
2017-12-21,48000,130654,24932
2017-12-22,43876,128895,23856
2017-12-23,22919,120502,1593
2017-12-24,20977,114400,0
2017-12-25,21982,116423,0
2017-12-26,35401,126375,18927
2017-12-27,40322,127221,24661
2017-12-28,40051,129733,24722
2017-12-29,28185,128512,20878
2017-12-30,22664,119013,777
2017-12-31,21939,112788,0
2018-01-01,23202,102203,0
2018-01-02,30822,118181,18171
2018-01-03,37863,128784,24698
2018-01-04,39932,128942,24904
2018-01-05,31275,128655,19235
2018-01-06,14745,123513,13742
2018-01-07,14358,116837,12956
2018-01-08,39433,124688,20226
2018-01-09,37852,129180,25668
2018-01-10,42414,130408,25616
2018-01-11,53273,130670,26243
2018-01-12,54401,131670,25617
2018-01-13,28860,125193,25089
2018-01-14,24091,118055,1530
2018-01-15,34783,125023,17605
2018-01-16,40004,127918,25884
2018-01-17,32205,128562,25593
2018-01-18,34346,127947,24847
2018-01-19,29887,125014,24901
2018-01-20,21607,120701,21629
2018-01-21,21005,113174,1042
2018-01-22,35084,125224,15428
2018-01-23,43317,131328,23573
2018-01-24,50994,130712,25912
2018-01-25,52815,129554,26000
2018-01-26,56372,132065,26273
2018-01-27,36491,128790,25858
2018-01-28,26278,120248,20941
2018-01-29,50249,127938,25216
2018-01-30,48402,130837,26090
2018-01-31,48707,131617,25845
2018-02-01,39820,132102,22066
2018-02-02,38806,130613,21293
2018-02-03,28809,127466,200
2018-02-04,29042,120144,0
2018-02-05,46959,131833,16547
2018-02-06,51397,134963,24459
2018-02-07,50819,135254,23847
2018-02-08,47833,133707,22628
2018-02-09,36334,132599,19397
2018-02-10,26120,125706,0
2018-02-11,24955,120173,0
2018-02-12,43225,130572,17600
2018-02-13,39752,133261,22993
2018-02-14,26430,127000,13596
2018-02-15,22838,100322,0
2018-02-16,21781,90287,0
2018-02-17,21711,92150,0
2018-02-18,21962,107694,0
2018-02-19,29402,119709,15298
2018-02-20,42326,122957,21717
2018-02-21,44161,125203,21827
2018-02-22,41185,126154,23234
2018-02-23,35789,127824,20418
2018-02-24,24616,117824,1366
2018-02-25,22811,112152,0
2018-02-26,31159,117847,16107
2018-02-27,34901,120696,20226
2018-02-28,39322,122502,20813
2018-03-01,32484,118583,22125
2018-03-02,48036,121961,24417
2018-03-03,36650,114800,20698
2018-03-04,23125,106100,20007
2018-03-05,44674,108078,23449
2018-03-06,46577,106934,25182
2018-03-07,48255,108115,22293
2018-03-08,48363,108738,21621
2018-03-09,51787,95700,21433
2018-03-10,34169,85634,12852
2018-03-11,24440,85650,12829
2018-03-12,39217,99341,17981
2018-03-13,33406,109391,20113
2018-03-14,28516,112263,22307
2018-03-15,29592,111175,23339
2018-03-16,31065,107830,23671
2018-03-17,25693,103788,4022
2018-03-18,23504,101445,0
2018-03-19,30161,107962,18370
2018-03-20,32303,113556,24573
2018-03-21,42570,112623,25322
2018-03-22,42785,113016,21848
2018-03-23,41275,113376,22955
2018-03-24,24005,106954,7249
2018-03-25,15750,102136,0
2018-03-26,25045,109567,17316
2018-03-27,18743,111612,21893
2018-03-28,19522,109308,22075
2018-03-29,19367,110563,10953
2018-03-30,17686,109889,0
2018-03-31,14521,106575,0
2018-04-01,14323,100061,0
2018-04-02,22439,102251,0
2018-04-03,22179,111328,0
2018-04-04,31656,103231,0
2018-04-05,34995,105710,0
2018-04-06,30464,108363,0
2018-04-07,19594,102175,0
2018-04-08,15272,101224,0
2018-04-09,26933,109997,0
2018-04-10,28886,111621,0
2018-04-11,27376,111706,0
2018-04-12,27776,112374,0
2018-04-13,29185,112108,0
2018-04-14,22510,107423,0
2018-04-15,14433,102608,0
2018-04-16,25113,96559,0
2018-04-17,31651,98847,0
2018-04-18,29441,99436,0
2018-04-19,34384,98315,0
2018-04-20,30775,98586,0
2018-04-21,15194,91916,0
2018-04-22,14978,89549,0
2018-04-23,31194,97508,13393
2018-04-24,32007,100806,6211
2018-04-25,33289,100527,0
2018-04-26,31697,99192,0
2018-04-27,28720,99692,0
2018-04-28,17569,93618,0
2018-04-29,11682,88688,5380
2018-04-30,20291,95604,0
2018-05-01,15265,91778,0
2018-05-02,29277,98717,0
2018-05-03,26087,100206,0
2018-05-04,19425,99676,0
2018-05-05,13591,92544,0
2018-05-06,13272,90576,0
2018-05-07,17100,93570,0
2018-05-08,16747,96947,4389
2018-05-09,13177,98084,6760
2018-05-10,13797,87190,6567
2018-05-11,13598,85847,6507
2018-05-12,12929,82616,6393
2018-05-13,10412,75954,6281
2018-05-14,11113,84623,6359
2018-05-15,8582,88800,12262
2018-05-16,11380,89502,13664
2018-05-17,24053,91966,13040
2018-05-18,18362,90860,9442
2018-05-19,13338,83851,0
2018-05-20,13282,74697,0
2018-05-21,16516,80952,0
2018-05-22,15263,83326,0
2018-05-23,18302,86127,0
2018-05-24,23933,99061,1227
2018-05-25,21485,98680,0
2018-05-26,20581,94353,0
2018-05-27,18503,87325,0
2018-05-28,28802,88687,0
2018-05-29,30040,91090,0
2018-05-30,24647,94706,0
2018-05-31,22452,100251,0
2018-06-01,23719,99820,0
2018-06-02,17369,91426,0
2018-06-03,13957,90161,0
2018-06-04,25192,95133,9900
2018-06-05,25038,100864,12421
2018-06-06,21635,98607,0
2018-06-07,24947,97492,13304
2018-06-08,23272,101758,14127
2018-06-09,14003,100487,0
2018-06-10,13251,95806,0
2018-06-11,21676,102282,0
2018-06-12,22150,95268,0
2018-06-13,16743,93801,0
2018-06-14,19811,97714,2456
2018-06-15,23759,94341,0
2018-06-16,15580,92499,0
2018-06-17,13213,93429,0
2018-06-18,23873,103323,0
2018-06-19,23750,108830,7818
2018-06-20,23722,110438,9408
2018-06-21,21580,110869,0
2018-06-22,24378,113714,0
2018-06-23,15613,108322,0
2018-06-24,13521,108761,0
2018-06-25,21816,111506,11555
2018-06-26,25217,114130,15488
2018-06-27,25771,112527,0
2018-06-28,28909,112405,0
2018-06-29,22574,111902,0
2018-06-30,18059,112495,0
2018-07-01,17496,107198,0
2018-07-02,25101,116405,7996
2018-07-03,18545,119376,16815
2018-07-04,14323,119490,15784
2018-07-05,16195,119596,0
2018-07-06,15039,118960,0
2018-07-07,13126,104405,0
2018-07-08,12592,96056,0
2018-07-09,15331,111981,0
2018-07-10,15120,120863,0
2018-07-11,19270,121841,0
2018-07-12,24664,123369,0
2018-07-13,27049,126477,5341
2018-07-14,11218,121297,0
2018-07-15,11218,114051,0
2018-07-16,30082,123234,12939
2018-07-17,32492,126830,19600
2018-07-18,29478,124805,19656
2018-07-19,27792,124483,19217
2018-07-20,29704,125547,15227
2018-07-21,21577,121535,0
2018-07-22,11260,119218,0
2018-07-23,32262,124113,12252
2018-07-24,40222,127912,19860
2018-07-25,35924,128137,19842
2018-07-26,36854,127123,20465
2018-07-27,36955,128090,19566
2018-07-28,14527,117840,66
2018-07-29,9825,114357,0
2018-07-30,12083,121870,3405
2018-07-31,8994,124292,12324
2018-08-01,17202,130649,0
2018-08-02,14975,128118,0
2018-08-03,11600,129257,0
2018-08-04,12844,126683,0
2018-08-05,12870,119131,0
2018-08-06,26894,128187,6052
2018-08-07,31842,135311,13924
2018-08-08,25385,134807,20706
2018-08-09,22872,134431,20376
2018-08-10,18521,135113,18767
2018-08-11,12712,130466,0
2018-08-12,11451,124794,0
2018-08-13,32992,131158,11706
2018-08-14,35238,135684,17546
2018-08-15,27593,133580,0
2018-08-16,27956,133312,10922
2018-08-17,11910,132763,8584
2018-08-18,9282,124961,0
2018-08-19,9876,117929,0
2018-08-20,19964,127884,9929
2018-08-21,23723,131238,19808
2018-08-22,29879,133083,20515
2018-08-23,27832,132803,19266
2018-08-24,22563,130576,13398
2018-08-25,13987,125871,0
2018-08-26,10382,119530,0
2018-08-27,17752,128324,4321
2018-08-28,25424,130441,6660
2018-08-29,28089,130521,6501
2018-08-30,27621,131545,6306
2018-08-31,23999,129055,3858
2018-09-01,12708,118537,0
2018-09-02,11123,109506,0
2018-09-03,26440,118786,0
2018-09-04,26655,122765,0
2018-09-05,18664,121463,0
2018-09-06,26114,120474,0
2018-09-07,20355,123358,0
2018-09-08,12745,105699,0
2018-09-09,11635,105131,0
2018-09-10,16615,115896,0
2018-09-11,17809,120095,0
2018-09-12,17072,122793,0
2018-09-13,23013,118931,0
2018-09-14,20094,118504,0
2018-09-15,20015,114785,0
2018-09-16,13223,111034,0
2018-09-17,19229,117221,0
2018-09-18,20590,119311,0
2018-09-19,31118,118935,0
2018-09-20,21870,119118,0
2018-09-21,14809,117714,0
2018-09-22,13306,98922,0
2018-09-23,9778,82240,0
2018-09-24,9755,76187,0
2018-09-25,9607,82176,0
2018-09-26,11669,87548,0
2018-09-27,24588,100428,0
2018-09-28,29159,101586,0
2018-09-29,19422,104731,0
2018-09-30,18891,97283,0
2018-10-01,26662,103820,0
2018-10-02,31900,108822,0
2018-10-03,27020,109402,0
2018-10-04,37749,109409,0
2018-10-05,33720,110148,0
2018-10-06,20505,107924,0
2018-10-07,27069,103333,0
2018-10-08,29267,105716,0
2018-10-09,33717,90877,0
2018-10-10,32052,90826,0
2018-10-11,27376,90791,0
2018-10-12,27414,90780,0
2018-10-13,21568,90676,0
2018-10-14,18717,90434,0
2018-10-15,25174,90438,0
2018-10-16,30128,97457,0
2018-10-17,27313,101567,59
2018-10-18,17957,101976,6177
2018-10-19,16706,102956,6302
2018-10-20,14637,102514,6242
2018-10-21,21522,95607,0
2018-10-22,30412,91597,0
2018-10-23,28905,100468,0
2018-10-24,28616,107326,0
2018-10-25,29449,107267,0
2018-10-26,35815,107366,0
2018-10-27,31382,107154,0
2018-10-28,22529,104665,0
2018-10-29,26986,105807,0
2018-10-30,24142,110353,0
2018-10-31,23911,116843,0
2018-11-01,26243,116545,0
2018-11-02,29950,119373,0
2018-11-03,25844,109828,0
2018-11-04,18918,106944,0
2018-11-05,22302,119317,0
2018-11-06,25041,116134,0
2018-11-07,24692,122055,0
2018-11-08,28009,122980,0
2018-11-09,22943,123236,0
2018-11-10,19781,119041,0
2018-11-11,18126,117321,0
2018-11-12,20860,120548,0
2018-11-13,22399,123593,0
2018-11-14,19995,123954,0
2018-11-15,26290,123635,0
2018-11-16,26922,123413,0
2018-11-17,23261,121368,0
2018-11-18,20016,116946,0
2018-11-19,28039,121325,0
2018-11-20,32555,124478,0
2018-11-21,42949,124854,4179
2018-11-22,31820,120510,11246
2018-11-23,37895,121230,9929
2018-11-24,28827,113705,0
2018-11-25,16697,111933,0
2018-11-26,28655,118811,0
2018-11-27,33036,120622,0
2018-11-28,32627,117884,0
2018-11-29,32244,120823,0
2018-11-30,25460,123673,0
2018-12-01,21574,118694,0
2018-12-02,21565,114210,0
2018-12-03,24872,120091,0
2018-12-04,25292,122230,0
2018-12-05,29696,123813,0
2018-12-06,30470,121740,45
2018-12-07,37535,123006,6674
2018-12-08,24751,123636,1929
2018-12-09,24418,119241,2232
2018-12-10,40010,122459,11427
2018-12-11,43301,124062,18296
2018-12-12,41088,126265,21001
2018-12-13,42441,125885,19622
2018-12-14,43430,123725,14672
2018-12-15,24501,121638,0
2018-12-16,21944,120030,0
2018-12-17,37829,122015,14093
2018-12-18,35081,125223,19775
2018-12-19,31025,124798,17221
2018-12-20,36180,131907,12395
2018-12-21,32333,133137,5706
2018-12-22,22496,125194,0
2018-12-23,21986,120881,0
2018-12-24,24632,128853,0
2018-12-25,21972,125826,0
2018-12-26,26296,131833,8997
2018-12-27,29061,136641,17150
2018-12-28,43924,137347,8178
2018-12-29,26625,129955,0
2018-12-30,24542,123297,0
2018-12-31,24843,130965,0
2019-01-01,24387,121469,0
2019-01-02,30424,131874,0
2019-01-03,34530,136484,0
2019-01-04,38301,136358,0
2019-01-05,24793,130972,0
2019-01-06,21740,124165,0
2019-01-07,32948,133605,8730
2019-01-08,34795,135600,12607
2019-01-09,36594,136948,12615
2019-01-10,32779,136796,12615
2019-01-11,29730,129859,5484
2019-01-12,22036,127919,0
2019-01-13,22049,124933,0
2019-01-14,32556,131236,11832
2019-01-15,35450,132484,12633
2019-01-16,35681,136431,18254
2019-01-17,33578,136655,15781
2019-01-18,28431,136582,2831
2019-01-19,21428,127664,0
2019-01-20,19353,123920,0
2019-01-21,22387,133199,9599
2019-01-22,17489,135585,12748
2019-01-23,15185,134517,12728
2019-01-24,15382,135639,16405
2019-01-25,23013,135673,5319
2019-01-26,21769,132480,0
2019-01-27,21715,126035,0
2019-01-28,19219,133872,15146
2019-01-29,15816,135926,19146
2019-01-30,14483,135024,19312
2019-01-31,20271,135198,19329
2019-02-01,22340,128225,8025
2019-02-02,22041,125667,0
2019-02-03,20061,113876,0
2019-02-04,19176,108052,0
2019-02-05,19411,97836,0
2019-02-06,17266,104853,0
2019-02-07,20320,116230,0
2019-02-08,24197,131142,0
2019-02-09,24224,126515,0
2019-02-10,23797,121674,0
2019-02-11,24118,129894,10014
2019-02-12,22557,130794,12619
2019-02-13,18151,135755,12623
2019-02-14,19691,135668,12614
2019-02-15,25002,134187,5786
2019-02-16,22725,127241,0
2019-02-17,23248,120576,0
2019-02-18,23394,124970,4747
2019-02-19,24894,128795,6313
2019-02-20,23035,129122,5445
2019-02-21,25252,128796,0
2019-02-22,22584,125017,0
2019-02-23,21141,120258,1374
2019-02-24,20016,114546,6315
2019-02-25,20628,122858,6345
2019-02-26,22534,127492,6361
2019-02-27,19734,129031,6315
2019-02-28,19273,128690,6901
2019-03-01,11237,116257,22952
2019-03-02,11920,113403,20301
2019-03-03,7605,109595,19385
2019-03-04,10959,94357,22586
2019-03-05,12703,94428,25232
2019-03-06,18325,95059,24894
2019-03-07,27696,90432,22183
2019-03-08,22453,97244,16363
2019-03-09,14425,105492,13967
2019-03-10,15038,106843,12676
2019-03-11,16564,107596,13777
2019-03-12,17194,108018,16532
2019-03-13,16350,110352,16573
2019-03-14,20961,120499,16577
2019-03-15,36907,119439,16432
2019-03-16,20572,114462,15506
2019-03-17,14533,108920,13591
2019-03-18,21685,117477,15821
2019-03-19,23806,118215,16449
2019-03-20,23548,116410,17073
2019-03-21,19741,117796,15988
2019-03-22,25324,117438,14933
2019-03-23,20467,110441,14020
2019-03-24,15585,104417,13172
2019-03-25,25825,110429,15238
2019-03-26,28850,112105,14931
2019-03-27,25991,111337,14880
2019-03-28,21982,112669,15864
2019-03-29,20012,112304,14666
2019-03-30,16581,105827,13045
2019-03-31,13768,101938,12802
2019-04-01,25000,110128,0
2019-04-02,23055,112906,0
2019-04-03,21336,112905,0
2019-04-04,21181,111641,0
2019-04-05,19148,113962,0
2019-04-06,19520,112337,0
2019-04-07,18566,105715,0
2019-04-08,17307,114566,0
2019-04-09,23997,118845,0
2019-04-10,38606,118961,0
2019-04-11,28467,114655,0
2019-04-12,16125,112823,0
2019-04-13,18606,105792,0
2019-04-14,13305,102384,0
2019-04-15,21448,109713,0
2019-04-16,21121,112619,0
2019-04-17,20662,104124,0
2019-04-18,19034,105280,0
2019-04-19,18493,104378,0
2019-04-20,14867,94457,0
2019-04-21,13379,92846,0
2019-04-22,20798,106417,0
2019-04-23,21070,111519,0
2019-04-24,15115,112454,0
2019-04-25,14953,110954,0
2019-04-26,14657,109666,0
2019-04-27,13538,104536,0
2019-04-28,13374,102101,0
2019-04-29,20394,112838,0
2019-04-30,17017,119757,0
2019-05-01,14669,113547,0
2019-05-02,15716,115637,0
2019-05-03,16517,117582,0
2019-05-04,13436,111499,0
2019-05-05,13779,102527,0
2019-05-06,14441,108364,0
2019-05-07,24494,114477,0
2019-05-08,24120,116269,0
2019-05-09,23718,116786,59
2019-05-10,19117,112120,3583
2019-05-11,17586,104013,0
2019-05-12,17886,100501,0
2019-05-13,29805,107862,2817
2019-05-14,26920,112757,1125
2019-05-15,29450,115075,4921
2019-05-16,29846,115628,954
2019-05-17,20765,115212,0
2019-05-18,13358,106216,0
2019-05-19,13538,104653,0
2019-05-20,14425,107282,0
2019-05-21,14925,113661,0
2019-05-22,15752,113525,0
2019-05-23,16876,113343,0
2019-05-24,23068,114170,0
2019-05-25,15467,109509,0
2019-05-26,13431,106216,0
2019-05-27,25549,111529,0
2019-05-28,14614,115095,0
2019-05-29,14426,114651,0
2019-05-30,18562,115947,0
2019-05-31,13565,115354,0
2019-06-01,13561,98717,0
2019-06-02,13793,91648,0
2019-06-03,14861,110969,0
2019-06-04,16538,116750,0
2019-06-05,16232,120522,0
2019-06-06,15727,117134,0
2019-06-07,14363,115796,0
2019-06-08,14622,89741,0
2019-06-09,13527,71231,2469
2019-06-10,18724,91998,0
2019-06-11,17062,104781,0
2019-06-12,16202,114743,0
2019-06-13,16973,120710,0
2019-06-14,17990,120863,0
2019-06-15,13574,112692,0
2019-06-16,14611,98098,0
2019-06-17,18620,115748,0
2019-06-18,19090,121732,0
2019-06-19,23806,121546,0
2019-06-20,27967,120383,0
2019-06-21,23105,117316,0
2019-06-22,19915,109262,0
2019-06-23,18418,103650,0
2019-06-24,27512,115255,0
2019-06-25,28512,121338,0
2019-06-26,33154,122085,0
2019-06-27,28573,123379,0
2019-06-28,28624,121794,0
2019-06-29,15589,117014,0
2019-06-30,14625,111276,0
2019-07-01,21084,120264,0
2019-07-02,20841,121930,0
2019-07-03,18502,122965,0
2019-07-04,19926,125316,0
2019-07-05,20017,125980,0
2019-07-06,13430,113779,0
2019-07-07,13047,108632,456
2019-07-08,20627,118382,0
2019-07-09,19400,124217,0
2019-07-10,19016,126079,0
2019-07-11,19056,127005,0
2019-07-12,18680,126110,0
2019-07-13,16617,117645,0
2019-07-14,16009,112936,0
2019-07-15,19094,123139,0
2019-07-16,19423,127159,0
2019-07-17,23920,128015,0
2019-07-18,26410,129967,0
2019-07-19,29009,128490,0
2019-07-20,18379,124806,0
2019-07-21,17264,116054,0
2019-07-22,25668,125720,0
2019-07-23,31109,130891,0
2019-07-24,30838,131497,0
2019-07-25,31316,131741,0
2019-07-26,27681,129526,0
2019-07-27,16985,125362,0
2019-07-28,15457,119067,0
2019-07-29,24160,122790,0
2019-07-30,29995,129435,0
2019-07-31,22882,129725,1134
2019-08-01,20148,128717,0
2019-08-02,18687,127716,0
2019-08-03,15991,124408,0
2019-08-04,15599,122445,0
2019-08-05,24848,129004,7635
2019-08-06,23068,130098,11012
2019-08-07,24441,131304,0
2019-08-08,30220,131583,0
2019-08-09,31102,132284,3410
2019-08-10,17372,127415,0
2019-08-11,17784,122518,0
2019-08-12,31490,130669,8695
2019-08-13,34178,134445,18222
2019-08-14,35621,134190,13482
2019-08-15,23212,131090,0
2019-08-16,24261,128428,0
2019-08-17,15460,113744,0
2019-08-18,13583,105068,0
2019-08-19,22200,122335,0
2019-08-20,26944,128544,0
2019-08-21,28590,130673,0
2019-08-22,30058,130817,0
2019-08-23,19895,129066,0
2019-08-24,13508,121255,0
2019-08-25,13202,114878,0
2019-08-26,18788,125692,0
2019-08-27,21295,128889,0
2019-08-28,21007,129653,0
2019-08-29,18111,130356,0
2019-08-30,16939,124339,0
2019-08-31,13634,116487,0
2019-09-01,13177,111225,0
2019-09-02,18930,124423,0
2019-09-03,22183,127429,0
2019-09-04,22277,127887,0
2019-09-05,20823,129997,0
2019-09-06,26194,130847,0
2019-09-07,17345,121592,1021
2019-09-08,9664,108292,6257
2019-09-09,28993,115414,1261
2019-09-10,30303,120503,0
2019-09-11,21016,115990,0
2019-09-12,13101,95703,0
2019-09-13,13306,84149,0
2019-09-14,12982,87243,0
2019-09-15,14267,86956,0
2019-09-16,20564,103175,0
2019-09-17,19233,107521,0
2019-09-18,20065,107325,0
2019-09-19,20693,106835,0
2019-09-20,20528,105879,0
2019-09-21,14486,101260,0
2019-09-22,14675,97558,0
2019-09-23,18165,103095,0
2019-09-24,19574,106682,0
2019-09-25,20803,106809,0
2019-09-26,22174,108855,0
2019-09-27,22873,107823,0
2019-09-28,20140,100130,0
2019-09-29,15427,95125,0
2019-09-30,19314,103594,0
2019-10-01,23137,107708,0
2019-10-02,21273,109227,0
2019-10-03,21050,105555,0
2019-10-04,22445,106038,0
2019-10-05,15823,100258,0
2019-10-06,15810,92016,0
2019-10-07,17009,103688,3318
2019-10-08,16438,104752,6243
2019-10-09,15007,99907,6244
2019-10-10,18097,98552,6252
2019-10-11,15094,99719,6242
2019-10-12,13962,92346,4626
2019-10-13,14090,86768,0
2019-10-14,15988,91071,0
2019-10-15,17414,96941,0
2019-10-16,15274,95740,0
2019-10-17,16562,98649,0
2019-10-18,16733,99030,0
2019-10-19,15143,90678,0
2019-10-20,21361,87327,1
2019-10-21,19575,98505,11323
2019-10-22,17830,103267,12642
2019-10-23,18511,105525,8661
2019-10-24,19576,106183,0
2019-10-25,15785,101261,0
2019-10-26,17572,97145,0
2019-10-27,15600,93327,0
2019-10-28,18619,104001,0
2019-10-29,20413,105334,0
2019-10-30,21674,103159,2557
2019-10-31,23275,104923,5357
2019-11-01,19628,103058,0
2019-11-02,18028,96407,0
2019-11-03,20054,92133,0
2019-11-04,22536,102664,0
2019-11-05,30364,105642,0
2019-11-06,29091,106019,0
2019-11-07,26387,109584,41
2019-11-08,26787,110619,1820
2019-11-09,22847,102344,0
2019-11-10,16774,96706,0
2019-11-11,20651,105827,1170
2019-11-12,21812,111333,1843
2019-11-13,19076,112246,4680
2019-11-14,25814,97559,866
2019-11-15,25248,95077,0
2019-11-16,23155,96161,0
2019-11-17,22296,92861,0
2019-11-18,26894,97693,0
2019-11-19,28063,94698,0
2019-11-20,30746,96810,0
2019-11-21,30504,96177,0
2019-11-22,27062,95160,0
2019-11-23,23198,96354,0
2019-11-24,20427,92651,0
2019-11-25,24261,103110,0
2019-11-26,25242,109674,0
2019-11-27,25841,105789,0
2019-11-28,27859,108742,0
2019-11-29,29861,108048,0
2019-11-30,21515,101880,0
2019-12-01,20429,95968,0
2019-12-02,26551,98140,0
2019-12-03,33227,98435,2883
2019-12-04,32290,98627,0
2019-12-05,32023,98400,14539
2019-12-06,36775,105390,14910
2019-12-07,28598,101484,0
2019-12-08,27845,101713,0
2019-12-09,34918,103075,14814
2019-12-10,29026,102687,19106
2019-12-11,25722,102575,19079
2019-12-12,35807,104079,19169
2019-12-13,34071,106791,8467
2019-12-14,27388,102952,0
2019-12-15,20875,100219,0
2019-12-16,25078,100649,14510
2019-12-17,25124,104077,19645
2019-12-18,26370,107285,18756
2019-12-19,27297,108926,16891
2019-12-20,33765,112883,5184
2019-12-21,29088,109090,0
2019-12-22,21872,110541,0
2019-12-23,28247,111389,9040
2019-12-24,31275,111916,4645
2019-12-25,24390,112526,0
2019-12-26,33408,112268,0
2019-12-27,29124,111464,0
2019-12-28,22611,111381,0
2019-12-29,21852,111530,0
2019-12-30,30133,110114,0
2019-12-31,29231,111492,0
